{
  "current_situation": null,
  "format": "mind-studio/scenario",
  "npcs": {
    "billy": {
      "aesthetic_appreciation": -0.4000000059604645,
      "anxiety": 0.800000011920929,
      "creativity": -0.20000000298023224,
      "dependence": -0.4000000059604645,
      "description": "늙은 해적. 거칠고 폭력적이며 럼주에 절어 있다. 선술집에서 공포로 방을 지배하지만, 내면은 과거 동료들에 대한 두려움에 시달린다. 외다리 선원을 두려워하며 항상 감시 중이다.",
      "diligence": -0.4000000059604645,
      "fairness": -0.4000000059604645,
      "fearfulness": 0.6000000238418579,
      "flexibility": -0.5,
      "forgiveness": -0.6000000238418579,
      "gentleness": -0.699999988079071,
      "greed_avoidance": -0.30000001192092896,
      "id": "billy",
      "inquisitiveness": -0.20000000298023224,
      "liveliness": 0.4000000059604645,
      "modesty": -0.699999988079071,
      "name": "Billy Bones",
      "organization": -0.6000000238418579,
      "patience": -0.699999988079071,
      "perfectionism": -0.5,
      "prudence": -0.699999988079071,
      "sentimentality": -0.30000001192092896,
      "sincerity": 0.0,
      "sociability": 0.20000000298023224,
      "social_boldness": 0.699999988079071,
      "social_self_esteem": 0.30000001192092896,
      "unconventionality": 0.30000001192092896
    },
    "livesey": {
      "aesthetic_appreciation": 0.5,
      "anxiety": -0.6000000238418579,
      "creativity": 0.30000001192092896,
      "dependence": -0.30000001192092896,
      "description": "마을 의사이자 치안판사. 냉정하고 원칙적이며 두려움이 없다. 법과 질서의 대변자로, 어떤 위협 앞에서도 평정을 잃지 않는다. 단정한 복장과 말투로 빌리와 완벽한 대조를 이룬다.",
      "diligence": 0.699999988079071,
      "fairness": 0.800000011920929,
      "fearfulness": -0.699999988079071,
      "flexibility": 0.4000000059604645,
      "forgiveness": 0.30000001192092896,
      "gentleness": 0.5,
      "greed_avoidance": 0.5,
      "id": "livesey",
      "inquisitiveness": 0.699999988079071,
      "liveliness": 0.20000000298023224,
      "modesty": 0.4000000059604645,
      "name": "Dr. Livesey",
      "organization": 0.800000011920929,
      "patience": 0.699999988079071,
      "perfectionism": 0.6000000238418579,
      "prudence": 0.800000011920929,
      "sentimentality": 0.20000000298023224,
      "sincerity": 0.0,
      "sociability": 0.4000000059604645,
      "social_boldness": 0.800000011920929,
      "social_self_esteem": 0.699999988079071,
      "unconventionality": -0.20000000298023224
    }
  },
  "objects": {},
  "relationships": {
    "billy:livesey": {
      "closeness": -0.5,
      "owner_id": "billy",
      "power": 0.30000001192092896,
      "target_id": "livesey",
      "trust": -0.6000000238418579
    },
    "livesey:billy": {
      "closeness": -0.4000000059604645,
      "owner_id": "livesey",
      "power": 0.20000000298023224,
      "target_id": "billy",
      "trust": -0.5
    }
  },
  "scenario": {
    "description": "Treasure Island Ch.1 — 술 취한 빌리 본스가 Admiral Benbow 선술집을 공포로 지배하던 중, 의사이자 치안판사인 리브시가 그의 권위에 정면으로 도전한다. 물리적 힘(빌리) vs 도덕적 권위(리브시)의 권력 역전 서사.",
    "name": "빌리 vs 리브시 — 선술집 대결",
    "notes": [
      "원작: Treasure Island, Part One, Chapter I",
      "Beat 1 (dominance): 빌리가 선술집을 지배하는 초기 상황",
      "Beat 2 (confronted): 리브시의 등장으로 권위가 무너지는 전환점",
      "핵심 감정 아크: 허세 → 분노 → 굴복"
    ]
  },
  "scene": {
    "description": "Admiral Benbow 선술집 안. 빌리 본스가 술에 취해 노래를 부르며 좌중을 지배하고 있다. 리브시가 우연히 자리에 합석한다.",
    "focuses": [
      {
        "action": {
          "agent_id": "billy",
          "description": "Billy가 테이블을 내리치며 침묵을 요구하고, 마을 사람들에게 자신의 이야기를 강제로 듣게 한다",
          "praiseworthiness": -0.6
        },
        "description": "빌리가 술에 취해 선원 노래를 부르며 모두에게 침묵을 강요한다. 거부하면 폭력으로 위협한다.",
        "event": {
          "description": "Billy is drunk, singing his old sea-song, forcing everyone to listen and obey",
          "desirability_for_self": 0.3
        },
        "id": "dominance",
        "trigger": null
      },
      {
        "action": {
          "agent_id": "livesey",
          "description": "Dr. Livesey가 칼을 든 Billy에게 '그 칼을 지금 당장 넣지 않으면 다음 재판에서 교수형을 약속한다'고 선언한다",
          "praiseworthiness": 0.5
        },
        "description": "권위의 대결 — Dr. Livesey가 Billy의 명령을 무시하고, 칼에도 굴하지 않으며 법적 권위로 Billy를 제압한다",
        "event": {
          "description": "Dr. Livesey가 Billy의 침묵 명령을 완전히 무시하고 평온하게 대화를 이어간다. Billy의 권위가 공개적으로 무너진다.",
          "desirability_for_self": -0.6
        },
        "id": "confronted",
        "trigger": [
          [
            {
              "above": 0.5,
              "emotion": "Reproach"
            }
          ]
        ]
      }
    ],
    "npc_id": "billy",
    "partner_id": "livesey"
  },
  "test_report": ""
}