{
  "current_situation": null,
  "format": "mind-studio/scenario",
  "npcs": {
    "jim": {
      "aesthetic_appreciation": 0.30000001192092896,
      "anxiety": 0.20000000298023224,
      "creativity": 0.5,
      "dependence": -0.30000001192092896,
      "description": "13살 소년. 부모의 선술집을 돕다가 모험에 휘말린 정직하고 용감한 소년. 실버의 배신을 사과통에서 엿들은 후 선한 편에 섰다. 두려움이 있지만 옳은 일을 위해 맞설 줄 안다.",
      "diligence": 0.5,
      "fairness": 0.699999988079071,
      "fearfulness": 0.30000001192092896,
      "flexibility": 0.5,
      "forgiveness": 0.4000000059604645,
      "gentleness": 0.4000000059604645,
      "greed_avoidance": 0.6000000238418579,
      "id": "jim",
      "inquisitiveness": 0.699999988079071,
      "liveliness": 0.5,
      "modesty": 0.5,
      "name": "Jim Hawkins",
      "organization": 0.30000001192092896,
      "patience": 0.4000000059604645,
      "perfectionism": 0.20000000298023224,
      "prudence": 0.30000001192092896,
      "sentimentality": 0.4000000059604645,
      "sincerity": 0.800000011920929,
      "sociability": 0.5,
      "social_boldness": 0.6000000238418579,
      "social_self_esteem": 0.4000000059604645,
      "unconventionality": 0.5
    },
    "silver": {
      "aesthetic_appreciation": 0.20000000298023224,
      "anxiety": -0.5,
      "creativity": 0.699999988079071,
      "dependence": -0.800000011920929,
      "description": "외다리 해적 선장. 한 다리를 잃었지만 목발로 놀랍게 민첩하다. 겉으로는 친근하고 유쾌한 요리사지만, 내면은 극도로 교활하고 계산적이다. 짐을 아들처럼 대하면서도 필요하면 언제든 배신할 수 있다. 부하들에게도 카리스마와 공포로 군림한다.",
      "diligence": 0.6000000238418579,
      "fairness": -0.800000011920929,
      "fearfulness": -0.699999988079071,
      "flexibility": 0.800000011920929,
      "forgiveness": -0.4000000059604645,
      "gentleness": -0.30000001192092896,
      "greed_avoidance": -0.8999999761581421,
      "id": "silver",
      "inquisitiveness": 0.5,
      "liveliness": 0.699999988079071,
      "modesty": -0.6000000238418579,
      "name": "Long John Silver",
      "organization": 0.5,
      "patience": 0.6000000238418579,
      "perfectionism": 0.30000001192092896,
      "prudence": 0.4000000059604645,
      "sentimentality": 0.20000000298023224,
      "sincerity": -0.8999999761581421,
      "sociability": 0.800000011920929,
      "social_boldness": 0.8999999761581421,
      "social_self_esteem": 0.800000011920929,
      "unconventionality": 0.6000000238418579
    }
  },
  "objects": {},
  "relationships": {
    "jim:silver": {
      "closeness": -0.10000000149011612,
      "owner_id": "jim",
      "power": -0.8999999761581421,
      "target_id": "silver",
      "trust": -0.5
    },
    "silver:jim": {
      "closeness": 0.20000000298023224,
      "owner_id": "silver",
      "power": 0.8999999761581421,
      "target_id": "jim",
      "trust": 0.30000001192092896
    }
  },
  "scenario": {
    "description": "Treasure Island Part Six Ch.28 — 해적들이 통나무집을 점령하고 짐을 인질로 잡은 상황. 롱 존 실버가 짐에게 '우리 편이 돼라, 그럼 널 보호해주겠다'고 협상한다. 실버의 교활함과 묘한 애정이 충돌하는 장면. 짐은 거절하며 실버가 사과통 엿듣기 당한 사실을 폭로한다.",
    "name": "실버 vs 짐 — 통나무집 협상",
    "notes": [
      "원작: Treasure Island, Part Six, Chapter 28 (In the Enemy's Camp)",
      "NPC 시점: Silver (실버)",
      "Partner: Jim Hawkins",
      "Beat 1 (negotiation): 실버가 짐에게 해적 편 합류 제안",
      "Beat 2 (betrayed): 짐이 거절 + 사과통 엿듣기 폭로 → 실버 충격",
      "핵심 감정 아크: 여유/자신감 → 혼란 → 분노/충격"
    ]
  },
  "scene": {
    "description": "해적들이 점령한 통나무집 안. Silver가 나무통에 앉아 담배를 피우며 짐을 호출했다. 부하 해적들이 주변에 있지만 Silver가 짐과 단둘이 이야기하도록 지시했다.",
    "focuses": [
      {
        "action": {
          "agent_id": "jim",
          "description": "Jim이 '당신들이 사과통 옆에서 한 얘기 다 들었다. 당신의 반란 계획을 모두에게 말했다'고 폭로한다",
          "praiseworthiness": -0.7
        },
        "description": "짐이 거절하고 사과통 엿듣기를 폭로 → 실버 충격",
        "event": {
          "description": "Silver의 비밀이 처음부터 들켜있었음이 밝혀진다. 모든 계획이 새어나갔다.",
          "desirability_for_self": -0.9
        },
        "id": "betrayed",
        "trigger": [
          [
            {
              "above": 0.4,
              "emotion": "Anger"
            }
          ],
          [
            {
              "above": 0.5,
              "emotion": "Distress"
            }
          ]
        ]
      },
      {
        "action": {
          "agent_id": "silver",
          "description": "Silver가 짐에게 친근하게 '넌 용감한 소년이다. 우리 편에 오면 보물 나눠주고 지켜주겠다'고 제안한다",
          "praiseworthiness": 0.3
        },
        "description": "실버가 짐에게 '해적 편이 돼라, 보호해주겠다'고 제안하는 상황",
        "event": {
          "description": "Jim이 Silver의 제안을 듣고 있다. Silver는 여유롭고 자신감 있다.",
          "desirability_for_self": 0.4
        },
        "id": "negotiation"
      }
    ],
    "name": "통나무집 협상",
    "npc_id": "silver",
    "partner_id": "jim",
    "significance": 0.9
  },
  "test_report": ""
}